username,category,words/tag_w,words/tag_s,avg_len_tagged_word,avg_len_tagged_sentence
user0,movie,475.1666666666667,814.5714285714286,3.0833333333333335,26.142857142857142
user0,food,109.90112063282795,112.04301075268818,3.4594594594594597,16.655241935483872
user0,beauty,108.96080139372822,108.01986183074266,3.5091463414634148,16.344559585492227
