username,category,words/tag_w,words/tag_s,avg_len_tagged_word,avg_len_tagged_sentence
user0,food,109.90112063282795,112.04301075268818,3.4594594594594597,16.655241935483872
