username,category,words/tag_w,words/tag_s,avg_len_tagged_word,avg_len_tagged_sentence
user0,food,109.90112063282795,112.04301075268818,3.4594594594594597,16.655241935483872
user1,food,43.88751053835963,90.19752475247525,4.181741539202698,26.365841584158417
user2,food,32.22536206287531,100.2894833272261,2.859413634758036,16.130450714547454
user3,food,76.61528662420382,84.94774011299435,5.3312101910828025,17.451977401129945
user4,food,73.71596474045054,85.62457337883959,4.254652301665034,20.79863481228669
user5,food,No Word tags,No Sentence tags,No Word tags,No Sentence tags
user6,food,76.04694255713403,180.79295154185021,3.0154416306361953,22.362701908957415
