username,category,words/tag_w,words/tag_s,avg_len_tagged_word,avg_len_tagged_sentence
user7,tech,12.538461538461538,29.93877551020408,3.8974358974358974,23.367346938775512
user7,beauty,29.751977401129942,37.96755587599135,4.558757062146893,22.962509012256668
user21,tech,827.0,827.0,2.875,6.875
user21,beauty,188.075,226.59638554216866,2.935,12.036144578313253
