username,category,words/tag_w,words/tag_s,avg_len_tagged_word,avg_len_tagged_sentence
user10,tech,108.54338668913226,188.3640350877193,5.09435551811289,23.857456140350877
user23,tech,674.909604519774,1564.9650655021835,8.907721280602637,32.419213973799124
user24,tech,1111.063973063973,1002.9969604863222,4.451178451178452,16.066869300911854
